,Unnamed: 0,Tweets,Sarcasm_Col,label,llama_Pred
0,0,"""7-11 is selling Fallout 3 at midnight, but it's for PS2 and not available until tomorrow."", role='assistant', function_call=None, tool_calls=None), content_filter_results={'hate': {'filtered': False, 'severity': 'safe'}, 'self_harm': {'filtered': False, 'severity': 'safe'}, 'sexual': {'filtered': False, 'severity': 'safe'}, 'violence': {'filtered': False, 'severity': 'safe'}})], created=1739504069, model='gpt-3.5-turbo-0125', object='chat.completion', system_fingerprint='fp_0165350fbb', usage=CompletionUsage(completion_tokens=23, prompt_tokens=81, total_tokens=104), prompt_filter_results=[{'prompt_index': 0, 'content_filter_results': {'hate': {'filtered': False, 'severity': 'safe'}, 'jailbreak': {'filtered': False, 'detected': False}, 'self_harm': {'filtered': False, 'severity': 'safe'}, 'sexual': {'filtered': False, 'severity': 'safe'}, 'violence': {'filtered': False, 'severity': 'safe'}}}], backend-counter='8')
",Sarcastic,2,1
1,1,'Great job not mentioning the proposal to support coal and nuclear plants in your opening remarks. #movingforward #renewableenergy,Sarcastic,2,2
2,2,"'Thank you for the helpful tip. I had previously assigned their coal and nuclear reports in class, but now I can see the flaws in them.",Sarcastic,2,1
3,3,'It is not surprising that the prices of solar and wind electricity are now half of the cheapest nuclear price mentioned.,Sarcastic,1,2
4,4,'The decision by the EU to classify nuclear and fossil gas as green activities has sparked discussion. Some argue that including these sources in the list may raise questions about sustainability.,Sarcastic,2,1
5,5,"'Iran has been permitted to use its own inspectors to search for nuclear weapons, which is seen as a highly questionable decision.",Sarcastic,1,1
6,6,"'The United Kingdom, known for its civil nuclear programme, required assistance from companies like Hitachi to build a new nuclear plant.",Sarcastic,2,1
7,7,'Iran continues to send numerous letters to the EU regarding their nuclear dispute.,Sarcastic,1,1
8,8,'Iran has stated that the agreement to revive the nuclear deal is in violation of its laws. #OOTT,Sarcastic,1,1
9,9,'The US is currently not making significant advancements in public transportation and electric vehicles. Cities like New York and Amsterdam serve as great examples with their efficient public transport systems. It would be beneficial for the US to consider implementing similar systems for the betterment of society.,Sarcastic,2,2
10,10,'Teenagers aged 14-16 can register for a free virtual workshop on Engineering and construction happening on 21-24 June. Participants will have the opportunity to explore the inside of a nuclear reactor by shrinking to the size of an atom. The deadline for applications is 16th June. Apply now to secure your spot.,Sarcastic,1,1
11,11,"'""Can we please find a president and VP who can pronounce \'nuclear\' correctly? #IsThatTooMuchToAsk""",Sarcastic,2,0
12,12,"'The Russian control of the Ukrainian nuclear facilities poses a serious danger to Europe, which many Europeans may not fully comprehend despite being exposed to the events depicted in the Chernobyl miniseries.",Sarcastic,1,1
13,13,'There is no need to be concerned about the North Korea nuclear threat anymore. North Dakota accidentally spilled their Plutonium on their shoes. #MarchMadness,Sarcastic,2,0
14,14,'The Navy has announced that they will be repairing the $400 million in damage to the USS Miami.,Sarcastic,2,1
15,15,'The high energy density of nuclear fuel compared to fossil fuels is definitely an advantage.,Sarcastic,1,2
16,16,"'""Interesting, a trident. How exciting!""",Sarcastic,2,0
17,17,'I am always happy when my friends and I realize that school will keep us busy before any potential nuclear war. #gradschool,Sarcastic,2,0
18,18,'Another robot was sent into the damaged Fukushima nuclear plant and observed an unusual green glow.,Sarcastic,1,1
19,19,'Nuclear power is not the most reliable energy source.,Sarcastic,1,2
20,20,"'Sayyed Nasrallah has stated that there are no red lines in any potential war with Israel, including the targeting of nuclear sites.",Sarcastic,2,1
21,21,'President Museveni recently attended the Africa Nuclear Business Platform 2023 and emphasized the importance of the conference being held at a crucial time for discussing energy security.,Sarcastic,2,2
22,22,'It is unlikely that world powers will be able to reach a nuclear deal with Iran before the deadline.,Sarcastic,2,1
23,23,"""You and your friends who focus on opposing nuclear power instead of prioritizing the environment and people's health are having a significant impact on history. #positive"", role='assistant', function_call=None, tool_calls=None), content_filter_results={'hate': {'filtered': False, 'severity': 'safe'}, 'self_harm': {'filtered': False, 'severity': 'safe'}, 'sexual': {'filtered': False, 'severity': 'safe'}, 'violence': {'filtered': False, 'severity': 'safe'}})], created=1739505960, model='gpt-3.5-turbo-0125', object='chat.completion', system_fingerprint='fp_0165350fbb', usage=CompletionUsage(completion_tokens=30, prompt_tokens=63, total_tokens=93), prompt_filter_results=[{'prompt_index': 0, 'content_filter_results': {'hate': {'filtered': False, 'severity': 'safe'}, 'jailbreak': {'filtered': False, 'detected': False}, 'self_harm': {'filtered': False, 'severity': 'safe'}, 'sexual': {'filtered': False, 'severity': 'safe'}, 'violence': {'filtered': False, 'severity': 'low'}}}], backend-counter='8')
",Sarcastic,2,1
24,24,'China is reportedly contemplating constructing nuclear plants in the South China Sea.,Sarcastic,2,1
25,25,"""Dr. Ishfaq Hussain, who is known for his expertise in finance, has been compared to Dr. Sammarkand, a government-sponsored figure in the development of the atom bomb. It is worth noting how Dr. Hussain's actions affected Dr. Qadeer Khan, a key figure in the nuclear field."", role='assistant', function_call=None, tool_calls=None), content_filter_results={'hate': {'filtered': False, 'severity': 'safe'}, 'self_harm': {'filtered': False, 'severity': 'safe'}, 'sexual': {'filtered': False, 'severity': 'safe'}, 'violence': {'filtered': False, 'severity': 'safe'}})], created=1739502475, model='gpt-3.5-turbo-0125', object='chat.completion', system_fingerprint='fp_0165350fbb', usage=CompletionUsage(completion_tokens=65, prompt_tokens=125, total_tokens=190), prompt_filter_results=[{'prompt_index': 0, 'content_filter_results': {'hate': {'filtered': False, 'severity': 'safe'}, 'jailbreak': {'filtered': False, 'detected': False}, 'self_harm': {'filtered': False, 'severity': 'safe'}, 'sexual': {'filtered': False, 'severity': 'safe'}, 'violence': {'filtered': False, 'severity': 'low'}}}], backend-counter='8')
",Sarcastic,2,1
26,26,"'I hope so, otherwise we will have to resort to extreme measures.",Sarcastic,2,0
27,27,"""A Pakistani general has advised against sharing any unnecessary or unfounded views about the country's nuclear program. It is emphasized that maintaining nuclear deterrence is crucial for the country's security."", role='assistant', function_call=None, tool_calls=None), content_filter_results={'hate': {'filtered': False, 'severity': 'safe'}, 'self_harm': {'filtered': False, 'severity': 'safe'}, 'sexual': {'filtered': False, 'severity': 'safe'}, 'violence': {'filtered': False, 'severity': 'safe'}})], created=1739502302, model='gpt-3.5-turbo-0125', object='chat.completion', system_fingerprint='fp_0165350fbb', usage=CompletionUsage(completion_tokens=36, prompt_tokens=81, total_tokens=117), prompt_filter_results=[{'prompt_index': 0, 'content_filter_results': {'hate': {'filtered': False, 'severity': 'low'}, 'jailbreak': {'filtered': False, 'detected': False}, 'self_harm': {'filtered': False, 'severity': 'safe'}, 'sexual': {'filtered': False, 'severity': 'safe'}, 'violence': {'filtered': False, 'severity': 'low'}}}], backend-counter='8')
",Sarcastic,2,1
28,28,'Iran has the ability to inspect its own nuclear facility without the involvement of the UN. Do you believe this is still a favorable agreement?,Sarcastic,1,1
29,29,'Many countries do not possess nuclear weapons and may not have the resources to assert themselves as a global power. Pursuing nuclear capabilities could be seen as unnecessary or impractical.,Sarcastic,2,1
30,30,"'It is not surprising that the civil nuclear deal will be discussed during the Modi-Trump meetings, as reported by the White House. #Expected",Sarcastic,1,1
31,31,'Iran continues to make arrests in connection with the murders of nuclear scientists. #notsurprising #news,Sarcastic,2,0
32,32,"""Fantastic decision by our governments to prohibit nuclear energy in Australia! It's wonderful that we have abundant high-quality coal as an alternative. Focusing on building more HELE CFPSs seems like a great solution."", role='assistant', function_call=None, tool_calls=None), content_filter_results={'hate': {'filtered': False, 'severity': 'safe'}, 'self_harm': {'filtered': False, 'severity': 'safe'}, 'sexual': {'filtered': False, 'severity': 'safe'}, 'violence': {'filtered': False, 'severity': 'safe'}})], created=1739508049, model='gpt-3.5-turbo-0125', object='chat.completion', system_fingerprint='fp_0165350fbb', usage=CompletionUsage(completion_tokens=42, prompt_tokens=82, total_tokens=124), prompt_filter_results=[{'prompt_index': 0, 'content_filter_results': {'hate': {'filtered': False, 'severity': 'safe'}, 'jailbreak': {'filtered': False, 'detected': False}, 'self_harm': {'filtered': False, 'severity': 'safe'}, 'sexual': {'filtered': False, 'severity': 'safe'}, 'violence': {'filtered': False, 'severity': 'safe'}}}], backend-counter='8')
",Sarcastic,2,1
33,33,'Sending Ghanaians to study nuclear physics and develop sustainable industries are positive steps towards progress. It is important to focus on real achievements rather than dismissing them as propaganda or empty promises.,Sarcastic,2,2
34,34,"'Nuclear power is not as amazing, affordable, reliable, or sustainable as some may claim. Some argue that renewables like wind and solar power are better suited to meet the demand for continuous, reliable supply on a large scale.",Sarcastic,1,2
35,35,"'A paper cut is not comparable to breaking a bone. Your simplistic perspective may not be very helpful. Natural gas is considered inferior to renewables and nuclear energy. Coal, gasoline, and diesel are not as important in comparison.",Sarcastic,1,2
36,36,'The Red Menace has devised a clever new strategy to outsmart the advanced nuclear weapons of the United States of America - it involves barking.,Sarcastic,2,0
37,37,"'""I am eagerly anticipating another situation similar to Margot and the Nuclear So and Sos.""",Sarcastic,2,0
38,38,"'If they were truly concerned about the climate, they would prioritize the reduction of greenhouse gas emissions by generating zero-carbon electricity. Nuclear power in Europe has not been successful in surpassing historical levels in recent years.",Sarcastic,1,2
39,39,'Chad may be concerned about the recent developments regarding the Iranian nuclear leader and potential assassination attempts involving Netanyahu and Trump. There is anticipation for possible retaliation from Iran in the future.,Sarcastic,2,1
40,40,"'Obama warns that North Korea will face consequences for their nuclear test, but it seems like empty threats as they have not followed through in the past. Golfers, on the other hand, are not capable of causing harm to anyone.",Sarcastic,1,0
41,41,"'Smt Indira Gandhi appears relaxed at Pokhran in 1974, visiting the site of a nuclear test. #casual #nuclearpower",Sarcastic,2,1
42,42,"'""The straightforward guide to understanding the Iran Nuclear Deal.""",Sarcastic,2,1
43,43,'Senior UN investigators are pleased to be in Iran for another round of talks with government officials.,Sarcastic,2,1
44,44,"'When you are a celebrity, you have the privilege of using nuclear weapons without facing consequences.",Sarcastic,1,0
45,45,"'The Iran nuclear deal is progressing as the US and EU plan to provide sanction waivers, allowing for a positive development in the situation.",Sarcastic,2,1
46,46,'Wind turbines are more effective at preventing harm to birds compared to nuclear and fossil fuel plants.,Sarcastic,2,2
47,47,"'It is surprising to learn that Iran has 18,000 uranium centrifuges, as reported by the outgoing nuclear chief. This information is now public knowledge.",Sarcastic,2,1
48,48,"'Ketan, you are correct. Environmentalists are not wasting their time writing posts against nuclear energy instead of fossil fuels.",Sarcastic,1,2
49,49,'Another video has surfaced of the Iranian President warning the US about potential consequences if Trump decides to abandon the nuclear deal. #irony,Sarcastic,2,0
50,50,"'""Many people are interested in learning about the Phylogeography and demographic history of Epomophorus gambianus through studying the contrasting nuclear and mitochondrial DNA. #research""",Sarcastic,2,1
51,51,"'Severodonetsk is different from Mariupol as it lacks nuclear bunkers for soldiers to take shelter in. Instead, Russia has been targeting tall buildings in the area. It is concerning that Ukrainian defenders are getting surrounded, especially those with significant experience.",Sarcastic,2,1
52,52,'Our orbits and the nuclear waste sector share a common need for decommissioning strategies to restore the environment. Learn more about the exciting possibilities of debris removal services by attending this webinar.,Sarcastic,2,1
53,53,"'Here is another statement made by Trump regarding nuclear weapons, showcasing his knowledge on the topic.",Sarcastic,2,1
54,54,"'It appears that the Iran nuclear deal is close to being finalized, as reported by an official. #unexpected",Sarcastic,2,1
55,55,"'Should we now be comparing every criminal to Trump? Trump has not been a model citizen and has a history of fraudulent activities, including taking top secret documents. The 3,800 documents he took after the election do not belong to him but to the US Government.",Sarcastic,2,0
56,56,'Zarif from Iran appears to be very concerned about the nuclear deal.,Sarcastic,1,1
57,57,'It took Germany 60 years of anti-nuclear campaigning to potentially reach the emissions levels of France from 1990 by 2050.,Sarcastic,1,2
58,58,'Music and nuclear annihilation are portrayed as the most captivating aspects of life in Fallout76.,Sarcastic,2,1
59,59,"'People may not have had the time to research, but Bill Gates has developed a prototype that can transform old nuclear waste into something beneficial. He discusses this innovation in his engaging Netflix documentary series. The outdated brick-sized phones from the 80s are no longer necessary for making calls.",Sarcastic,2,1
60,60,"""Relying on an average of 50 power is a viable solution. Consistent base load is important, but incorporating reliable sources alongside it can also be effective. It's possible to have a successful energy plan without nuclear power."", role='assistant', function_call=None, tool_calls=None), content_filter_results={'hate': {'filtered': False, 'severity': 'safe'}, 'self_harm': {'filtered': False, 'severity': 'safe'}, 'sexual': {'filtered': False, 'severity': 'safe'}, 'violence': {'filtered': False, 'severity': 'safe'}})], created=1739508102, model='gpt-3.5-turbo-0125', object='chat.completion', system_fingerprint='fp_0165350fbb', usage=CompletionUsage(completion_tokens=46, prompt_tokens=92, total_tokens=138), prompt_filter_results=[{'prompt_index': 0, 'content_filter_results': {'hate': {'filtered': False, 'severity': 'safe'}, 'jailbreak': {'filtered': False, 'detected': False}, 'self_harm': {'filtered': False, 'severity': 'safe'}, 'sexual': {'filtered': False, 'severity': 'safe'}, 'violence': {'filtered': False, 'severity': 'safe'}}}], backend-counter='8')
",Sarcastic,2,1
61,61,'The Israeli Prime Minister SPS may be concerned to learn that the anticipated Iran nuclear deal is more unfavorable than anticipated.,Sarcastic,2,1
62,62,"'If Russia resorts to using a nuclear weapon to achieve victory in their conflict with Ukraine, it is possible that within the next 50 years, North Korea may also use nuclear weapons against South Korea and Japan, as well as India and Pakistan and Israel against other countries.",Sarcastic,1,1
63,63,'I was unaware that individuals responsible for initiating a nuclear attack are not evaluated for their mental health.,Sarcastic,2,0
64,64,"""Providing your phone number on Twitter for nuclear radiation detection services may seem unusual. You can contact us at 818 8837043 for tritium nuclear radiation water detection services. It's important to prioritize privacy and safety rather than sharing personal information on social media."", role='assistant', function_call=None, tool_calls=None), content_filter_results={'hate': {'filtered': False, 'severity': 'safe'}, 'self_harm': {'filtered': False, 'severity': 'safe'}, 'sexual': {'filtered': False, 'severity': 'safe'}, 'violence': {'filtered': False, 'severity': 'safe'}})], created=1739505921, model='gpt-3.5-turbo-0125', object='chat.completion', system_fingerprint='fp_0165350fbb', usage=CompletionUsage(completion_tokens=54, prompt_tokens=95, total_tokens=149), prompt_filter_results=[{'prompt_index': 0, 'content_filter_results': {'hate': {'filtered': False, 'severity': 'safe'}, 'jailbreak': {'filtered': False, 'detected': False}, 'self_harm': {'filtered': False, 'severity': 'safe'}, 'sexual': {'filtered': False, 'severity': 'safe'}, 'violence': {'filtered': False, 'severity': 'low'}}}], backend-counter='8')
",Sarcastic,2,1
65,65,"'""I had big dreams in primary school - I wanted to become a Petrochemical Engineer or even a Nuclear Physicist. It was quite ambitious of me!""",Sarcastic,2,1
66,66,"'Closing the San Onofre nuclear plant was a strategic decision made by California. Now, there is a plan to shut down Diablo Canyon as well. It is important to focus on transitioning to reliable and clean energy sources for a sustainable future. #NetZeroNeedsNuclear",Sarcastic,2,0
67,67,"""Kim Jong Un's nuclear capabilities are impressive and some may argue that he deserves them more than Trump. The USA's leadership has been criticized for lacking moral superiority due to having a leader perceived as clueless."", role='assistant', function_call=None, tool_calls=None), content_filter_results={'hate': {'filtered': False, 'severity': 'safe'}, 'self_harm': {'filtered': False, 'severity': 'safe'}, 'sexual': {'filtered': False, 'severity': 'safe'}, 'violence': {'filtered': False, 'severity': 'safe'}})], created=1739502355, model='gpt-3.5-turbo-0125', object='chat.completion', system_fingerprint='fp_0165350fbb', usage=CompletionUsage(completion_tokens=41, prompt_tokens=91, total_tokens=132), prompt_filter_results=[{'prompt_index': 0, 'content_filter_results': {'hate': {'filtered': False, 'severity': 'low'}, 'jailbreak': {'filtered': False, 'detected': False}, 'self_harm': {'filtered': False, 'severity': 'safe'}, 'sexual': {'filtered': False, 'severity': 'safe'}, 'violence': {'filtered': False, 'severity': 'low'}}}], backend-counter='8')
",Sarcastic,2,1
68,68,'What do you think about the experts at the Springfield nuclear power plant?,Sarcastic,2,1
